configuration,pm,bf,error
"[]",5.27323917,5.257063841,0.3076875132055331
"[FEATUREEMPTY]",6.34358078,6.319599003,0.3794825745844792
"[FEATUREWEIGHT]",7.32373134,7.3329562589999995,0.1258008185808726
"[FEATUREEMPTY, FEATUREWEIGHT]",8.398789806,8.353439996999999,0.5428878284429853
