configuration,pm,bf,error
"[]",2.243831024,7.96704E-4,281539.23163433344
