{
  "model": {
    "configurationToPerformance": [
      {
        "performance": 0.30780862000000003,
        "configuration": []
      },
      {
        "performance": 0.20629929699999996,
        "configuration": [
          "A"
        ]
      },
      {
        "performance": -0.002631808999999988,
        "configuration": [
          "B"
        ]
      },
      {
        "performance": 0.6051302900000002,
        "configuration": [
          "A",
          "B"
        ]
      }
    ]
  }
}