{
  "region": "00000000-0000-0000-0000-000000000000",
  "model": {
    "(B && C && !A)": 1.1799E11,
    "(!B && C && !A)": 7.245E10,
    "(!B && !C && A)": 6.659E10,
    "(B && !C && A)": 1.1792E11,
    "(B && C && A)": 1.9281E11,
    "(B && !C && !A)": 6.916E10,
    "(!B && C && A)": 1.1796E11,
    "(!B && !C && !A)": 2.941E10
  },
  "modelToMin": {
    "(B && C && !A)": 1.1337E11,
    "(!B && C && !A)": 6.6599999999E10,
    "(!B && !C && A)": 6.648E10,
    "(B && !C && A)": 1.1344E11,
    "(B && C && A)": 1.9277E11,
    "(B && !C && !A)": 6.6599999999E10,
    "(!B && C && A)": 1.1339E11,
    "(!B && !C && !A)": 2.938E10
  },
  "modelToMax": {
    "(B && C && !A)": 1.2237E11,
    "(!B && C && !A)": 7.494E10,
    "(!B && !C && A)": 7.25E10,
    "(B && !C && A)": 1.1797E11,
    "(B && C && A)": 1.9995E11,
    "(B && !C && !A)": 7.245E10,
    "(!B && C && A)": 1.1798E11,
    "(!B && !C && !A)": 3.041E10
  },
  "modelToDiff": {
    "(B && C && !A)": 9.0E9,
    "(!B && C && !A)": 8.340000001E9,
    "(!B && !C && A)": 6.02E9,
    "(B && !C && A)": 4.53E9,
    "(B && C && A)": 7.18E9,
    "(B && !C && !A)": 5.850000001E9,
    "(!B && C && A)": 4.59E9,
    "(!B && !C && !A)": 1.03E9
  },
  "modelToSampleVariance": {
    "(B && C && !A)": 1.012907E19,
    "(!B && C && !A)": 9.539930002437001E18,
    "(!B && !C && A)": 6.8656E18,
    "(B && !C && A)": 6.06187E18,
    "(B && C && A)": 1.042347E19,
    "(B && !C && !A)": 8.4794800014229996E18,
    "(!B && C && A)": 6.27925E18,
    "(!B && !C && !A)": 2.0045E17
  },
  "modelToConfidenceInterval": {
    "(B && C && !A)": [
      1.1398625533885446E11,
      1.2188974466114554E11
    ],
    "(!B && C && !A)": [
      6.7638900084242836E10,
      7.530909991535718E10
    ],
    "(!B && !C && A)": [
      6.499655598680844E10,
      7.150344401319156E10
    ],
    "(B && !C && A)": [
      1.1308491581591104E11,
      1.1919908418408896E11
    ],
    "(B && C && A)": [
      1.9096923821772217E11,
      1.9898676178227783E11
    ],
    "(B && !C && !A)": [
      6.5830330721618576E10,
      7.306166927798143E10
    ],
    "(!B && C && A)": [
      1.1302858474904263E11,
      1.1925141525095737E11
    ],
    "(!B && !C && !A)": [
      2.905408662984675E10,
      3.016591337015325E10
    ]
  },
  "modelToCoefficientOfVariation": {
    "(B && C && !A)": 0.0,
    "(!B && C && !A)": 0.0,
    "(!B && !C && A)": 0.0,
    "(B && !C && A)": 0.0,
    "(B && C && A)": 0.0,
    "(B && !C && !A)": 0.0,
    "(!B && C && A)": 0.0,
    "(!B && !C && !A)": 0.0
  },
  "modelToPerfHumanReadable": {
    "(B && C && !A)": "117.9900000",
    "(!B && C && !A)": "72.4500000",
    "(!B && !C && A)": "66.5900000",
    "(B && !C && A)": "117.9200000",
    "(B && C && A)": "192.8100000",
    "(B && !C && !A)": "69.1600000",
    "(!B && C && A)": "117.9600000",
    "(!B && !C && !A)": "29.4100000"
  },
  "modelToMinHumanReadable": {
    "(B && C && !A)": "113.3700000",
    "(!B && C && !A)": "66.6000000",
    "(!B && !C && A)": "66.4800000",
    "(B && !C && A)": "113.4400000",
    "(B && C && A)": "192.7700000",
    "(B && !C && !A)": "66.6000000",
    "(!B && C && A)": "113.3900000",
    "(!B && !C && !A)": "29.3800000"
  },
  "modelToMaxHumanReadable": {
    "(B && C && !A)": "122.3700000",
    "(!B && C && !A)": "74.9400000",
    "(!B && !C && A)": "72.5000000",
    "(B && !C && A)": "117.9700000",
    "(B && C && A)": "199.9500000",
    "(B && !C && !A)": "72.4500000",
    "(!B && C && A)": "117.9800000",
    "(!B && !C && !A)": "30.4100000"
  },
  "modelToDiffHumanReadable": {
    "(B && C && !A)": "9.0000000",
    "(!B && C && !A)": "8.3400000",
    "(!B && !C && A)": "6.0200000",
    "(B && !C && A)": "4.5300000",
    "(B && C && A)": "7.1800000",
    "(B && !C && !A)": "5.8500000",
    "(!B && C && A)": "4.5900000",
    "(!B && !C && !A)": "1.0300000"
  },
  "modelToSampleVarianceHumanReadble": {
    "(B && C && !A)": "10.1290700",
    "(!B && C && !A)": "9.5399300",
    "(!B && !C && A)": "6.8656000",
    "(B && !C && A)": "6.0618700",
    "(B && C && A)": "10.4234700",
    "(B && !C && !A)": "8.4794800",
    "(!B && C && A)": "6.2792500",
    "(!B && !C && !A)": "0.2004500"
  },
  "modelToConfidenceIntervalHumanReadable": {
    "(B && C && !A)": [
      "113.9862553",
      "121.8897447"
    ],
    "(!B && C && !A)": [
      "67.6389001",
      "75.3090999"
    ],
    "(!B && !C && A)": [
      "64.9965560",
      "71.5034440"
    ],
    "(B && !C && A)": [
      "113.0849158",
      "119.1990842"
    ],
    "(B && C && A)": [
      "190.9692382",
      "198.9867618"
    ],
    "(B && !C && !A)": [
      "65.8303307",
      "73.0616693"
    ],
    "(!B && C && A)": [
      "113.0285847",
      "119.2514153"
    ],
    "(!B && !C && !A)": [
      "29.0540866",
      "30.1659134"
    ]
  },
  "modelToCoefficientOfVariationHumanReadable": {
    "(B && C && !A)": "",
    "(!B && C && !A)": "",
    "(!B && !C && A)": "",
    "(B && !C && A)": "",
    "(B && C && A)": "",
    "(B && !C && !A)": "",
    "(!B && C && A)": "",
    "(!B && !C && !A)": ""
  }
}