{
  "region": "00000000-0000-0000-0000-000000000000",
  "model": {
    "(B && !C && A)": 1.0115E11,
    "(!B && C && A)": 1.0119E11,
    "(!B && !C && A)": 6.036E10,
    "(!B && C && !A)": 6.045E10,
    "(!B && !C && !A)": 2.188E10,
    "(B && !C && !A)": 6.037E10,
    "(B && C && !A)": 1.0116E11,
    "(B && C && A)": 1.437E11
  },
  "modelToMin": {
    "(B && !C && A)": 1.0091E11,
    "(!B && C && A)": 1.0109E11,
    "(!B && !C && A)": 6.035E10,
    "(!B && C && !A)": 6.038E10,
    "(!B && !C && !A)": 2.187E10,
    "(B && !C && !A)": 6.036E10,
    "(B && C && !A)": 1.009E11,
    "(B && C && A)": 1.4355E11
  },
  "modelToMax": {
    "(B && !C && A)": 1.0122E11,
    "(!B && C && A)": 1.0124E11,
    "(!B && !C && A)": 6.039E10,
    "(!B && C && !A)": 6.046E10,
    "(!B && !C && !A)": 2.193E10,
    "(B && !C && !A)": 6.045E10,
    "(B && C && !A)": 1.0122E11,
    "(B && C && A)": 1.4406E11
  },
  "modelToDiff": {
    "(B && !C && A)": 3.1E8,
    "(!B && C && A)": 1.5E8,
    "(!B && !C && A)": 4.0E7,
    "(!B && C && !A)": 8.0E7,
    "(!B && !C && !A)": 6.0E7,
    "(B && !C && !A)": 9.0E7,
    "(B && C && !A)": 3.2E8,
    "(B && C && A)": 5.1E8
  },
  "modelToSampleVariance": {
    "(B && !C && A)": 2.223E16,
    "(!B && C && A)": 3.58E15,
    "(!B && !C && A)": 2.3E14,
    "(!B && C && !A)": 1.43E15,
    "(!B && !C && !A)": 6.3E14,
    "(B && !C && !A)": 1.35E15,
    "(B && C && !A)": 1.643E16,
    "(B && C && A)": 4.187E16
  },
  "modelToConfidenceInterval": {
    "(B && !C && A)": [
      1.0089087127063966E11,
      1.0126112872936034E11
    ],
    "(!B && C && A)": [
      1.0110970739233568E11,
      1.0125829260766432E11
    ],
    "(!B && !C && A)": [
      6.034716923311773E10,
      6.038483076688227E10
    ],
    "(!B && C && !A)": [
      6.037904605274892E10,
      6.047295394725108E10
    ],
    "(!B && !C && !A)": [
      2.1854834480991505E10,
      2.1917165519008495E10
    ],
    "(B && !C && !A)": [
      6.0344378351589195E10,
      6.0435621648410805E10
    ],
    "(B && C && !A)": [
      1.00964844053124E11,
      1.01283155946876E11
    ],
    "(B && C && A)": [
      1.4346792872357355E11,
      1.4397607127642645E11
    ]
  },
  "modelToCoefficientOfVariation": {
    "(B && !C && A)": 0.0,
    "(!B && C && A)": 0.0,
    "(!B && !C && A)": 0.0,
    "(!B && C && !A)": 0.0,
    "(!B && !C && !A)": 0.0,
    "(B && !C && !A)": 0.0,
    "(B && C && !A)": 0.0,
    "(B && C && A)": 0.0
  },
  "modelToPerfHumanReadable": {
    "(B && !C && A)": "101.1500000",
    "(!B && C && A)": "101.1900000",
    "(!B && !C && A)": "60.3600000",
    "(!B && C && !A)": "60.4500000",
    "(!B && !C && !A)": "21.8800000",
    "(B && !C && !A)": "60.3700000",
    "(B && C && !A)": "101.1600000",
    "(B && C && A)": "143.7000000"
  },
  "modelToMinHumanReadable": {
    "(B && !C && A)": "100.9100000",
    "(!B && C && A)": "101.0900000",
    "(!B && !C && A)": "60.3500000",
    "(!B && C && !A)": "60.3800000",
    "(!B && !C && !A)": "21.8700000",
    "(B && !C && !A)": "60.3600000",
    "(B && C && !A)": "100.9000000",
    "(B && C && A)": "143.5500000"
  },
  "modelToMaxHumanReadable": {
    "(B && !C && A)": "101.2200000",
    "(!B && C && A)": "101.2400000",
    "(!B && !C && A)": "60.3900000",
    "(!B && C && !A)": "60.4600000",
    "(!B && !C && !A)": "21.9300000",
    "(B && !C && !A)": "60.4500000",
    "(B && C && !A)": "101.2200000",
    "(B && C && A)": "144.0600000"
  },
  "modelToDiffHumanReadable": {
    "(B && !C && A)": "0.3100000",
    "(!B && C && A)": "0.1500000",
    "(!B && !C && A)": "0.0400000",
    "(!B && C && !A)": "0.0800000",
    "(!B && !C && !A)": "0.0600000",
    "(B && !C && !A)": "0.0900000",
    "(B && C && !A)": "0.3200000",
    "(B && C && A)": "0.5100000"
  },
  "modelToSampleVarianceHumanReadble": {
    "(B && !C && A)": "0.0222300",
    "(!B && C && A)": "0.0035800",
    "(!B && !C && A)": "0.0002300",
    "(!B && C && !A)": "0.0014300",
    "(!B && !C && !A)": "0.0006300",
    "(B && !C && !A)": "0.0013500",
    "(B && C && !A)": "0.0164300",
    "(B && C && A)": "0.0418700"
  },
  "modelToConfidenceIntervalHumanReadable": {
    "(B && !C && A)": [
      "100.8908713",
      "101.2611287"
    ],
    "(!B && C && A)": [
      "101.1097074",
      "101.2582926"
    ],
    "(!B && !C && A)": [
      "60.3471692",
      "60.3848308"
    ],
    "(!B && C && !A)": [
      "60.3790461",
      "60.4729539"
    ],
    "(!B && !C && !A)": [
      "21.8548345",
      "21.9171655"
    ],
    "(B && !C && !A)": [
      "60.3443784",
      "60.4356216"
    ],
    "(B && C && !A)": [
      "100.9648441",
      "101.2831559"
    ],
    "(B && C && A)": [
      "143.4679287",
      "143.9760713"
    ]
  },
  "modelToCoefficientOfVariationHumanReadable": {
    "(B && !C && A)": "",
    "(!B && C && A)": "",
    "(!B && !C && A)": "",
    "(!B && C && !A)": "",
    "(!B && !C && !A)": "",
    "(B && !C && !A)": "",
    "(B && C && !A)": "",
    "(B && C && A)": ""
  }
}